<keymap version="1" name="Default copy" parent="$default">
  <action id="Back">
    <keyboard-shortcut first-keystroke="ctrl alt left" />
    <keyboard-shortcut first-keystroke="ctrl alt x" />
    <mouse-shortcut keystroke="button4" />
  </action>
  <action id="ChangesView.UnshelveSilently" />
  <action id="CheckinFiles">
    <keyboard-shortcut first-keystroke="ctrl k" />
  </action>
  <action id="CheckinProject">
    <keyboard-shortcut first-keystroke="shift ctrl k" />
  </action>
  <action id="CommentByBlockComment">
    <keyboard-shortcut first-keystroke="ctrl #10000c6" />
  </action>
  <action id="CommentByLineComment">
    <keyboard-shortcut first-keystroke="ctrl quote" />
  </action>
  <action id="CommittedChanges.Revert">
    <keyboard-shortcut first-keystroke="shift ctrl alt z" />
  </action>
  <action id="Console.Jpa.GenerateDDL" />
  <action id="Console.TableResult.CompareCells" />
  <action id="Console.TableResult.DeleteColumns" />
  <action id="Console.TableResult.EditValueMaximized">
    <keyboard-shortcut first-keystroke="shift enter" />
  </action>
  <action id="Console.Transaction.Commit" />
  <action id="ConvertJavaToKotlin" />
  <action id="Diff.ShowSettingsPopup" />
  <action id="EditorDeleteLine">
    <keyboard-shortcut first-keystroke="shift alt delete" />
    <keyboard-shortcut first-keystroke="shift ctrl d" />
  </action>
  <action id="EditorMoveToPageBottom" />
  <action id="EditorMoveToPageTop" />
  <action id="EditorSelectWord">
    <keyboard-shortcut first-keystroke="alt s" />
    <keyboard-shortcut first-keystroke="ctrl w" />
  </action>
  <action id="FindUsages">
    <keyboard-shortcut first-keystroke="alt f7" />
    <keyboard-shortcut first-keystroke="alt u" />
  </action>
  <action id="Git.Branches">
    <keyboard-shortcut first-keystroke="shift ctrl b" />
  </action>
  <action id="Git.Commit.And.Push.Executor" />
  <action id="GotoTypeDeclaration">
    <mouse-shortcut keystroke="shift control button1" />
  </action>
  <action id="Hg.Commit.And.Push.Executor" />
  <action id="HideAllWindows">
    <keyboard-shortcut first-keystroke="shift ctrl f12" />
    <keyboard-shortcut first-keystroke="alt t" />
  </action>
  <action id="Images.Editor.ToggleGrid" />
  <action id="Macro.Newline with line join">
    <keyboard-shortcut first-keystroke="shift ctrl alt j" />
  </action>
  <action id="Macro.Refactor single line from static to qualified import">
    <keyboard-shortcut first-keystroke="shift ctrl #100007c" />
  </action>
  <action id="MaximizeToolWindow" />
  <action id="Move">
    <keyboard-shortcut first-keystroke="f6" />
    <keyboard-shortcut first-keystroke="alt m" />
  </action>
  <action id="NextSplitter">
    <keyboard-shortcut first-keystroke="alt h" />
  </action>
  <action id="NextTab">
    <keyboard-shortcut first-keystroke="alt right" />
    <keyboard-shortcut first-keystroke="ctrl page_down" />
  </action>
  <action id="PreviousTab">
    <keyboard-shortcut first-keystroke="alt left" />
    <keyboard-shortcut first-keystroke="ctrl page_up" />
  </action>
  <action id="RenameElement">
    <keyboard-shortcut first-keystroke="shift f6" />
    <keyboard-shortcut first-keystroke="alt r" />
  </action>
  <action id="SearchEverywhere">
    <keyboard-shortcut first-keystroke="shift ctrl quote" />
  </action>
  <action id="SelectAllOccurrences" />
  <action id="SelectInProjectView">
    <keyboard-shortcut first-keystroke="alt p" />
  </action>
  <action id="ShowUmlDiagramPopup" />
  <action id="ShowUsages">
    <keyboard-shortcut first-keystroke="ctrl alt f7" />
    <keyboard-shortcut first-keystroke="ctrl alt u" />
  </action>
  <action id="SplitVertically">
    <keyboard-shortcut first-keystroke="shift ctrl s" />
  </action>
  <action id="TagDocumentationNavigation" />
  <action id="Tool_External Tools_Black">
    <keyboard-shortcut first-keystroke="shift ctrl alt k" />
  </action>
  <action id="Uml.ShowDiff" />
  <action id="Vcs.Push">
    <keyboard-shortcut first-keystroke="ctrl alt k" />
  </action>
  <action id="Vcs.ToggleAmendCommitMode" />
  <action id="XPathView.Actions.Evaluate" />
  <action id="XPathView.Actions.FindByExpression" />
  <action id="XPathView.Actions.ShowPath" />
</keymap>