<application>
  <component name="CodeInsightSettings">
    <EXCLUDED_PACKAGE NAME="java.util.Date" />
    <EXCLUDED_PACKAGE NAME="java.util.function.Function" />
  </component>
  <component name="DefaultFont">
    <option name="FONT_SIZE" value="12" />
  </component>
  <component name="EditorSettings">
    <option name="languageBreadcrumbsMap">
      <map>
        <entry key="Python" value="true" />
      </map>
    </option>
    <option name="USE_SOFT_WRAPS" value="" />
  </component>
  <component name="JavaCodeFoldingSettings">
    <option name="collapseOneLineMethods" value="false" />
    <option name="collapseSuppressWarnings" value="false" />
  </component>
</application>