<application>
  <component name="FindSettings">
    <option name="customScope" value="All Places" />
    <option name="defaultScopeName" value="All Places" />
    <option name="SEARCH_SCOPE" value="All Places" />
    <option name="FILE_MASK" value="*.sql" />
    <mask>*.html</mask>
    <mask>*.jsp</mask>
    <mask>*.js</mask>
    <mask>*.as</mask>
    <mask>*.css</mask>
    <mask>*.mxml</mask>
    <mask>.js</mask>
    <mask>*jsp</mask>
    <mask>!*.html</mask>
    <mask>.form</mask>
    <mask>.html</mask>
    <mask>.jsp</mask>
    <mask>.xml</mask>
    <mask>wsdl</mask>
    <mask>.java</mask>
    <mask>.sql</mask>
    <mask>4b</mask>
    <mask>*ejb*</mask>
    <mask>*bos*.xml</mask>
    <mask>pom*.xml</mask>
    <mask>busi*.xml</mask>
    <mask>pom.xml</mask>
    <mask>*.properties</mask>
    <mask>*.java</mask>
    <mask>*.xml</mask>
    <mask>*.sql</mask>
  </component>
</application>