<application>
  <component name="GitRememberedInputs">
    <option name="visitedUrls">
      <list>
        <UrlAndUserName>
          <option name="url" value="https://bitbucket.mattilsynet.no/scm/vis/mats.git" />
          <option name="userName" value="" />
        </UrlAndUserName>
        <UrlAndUserName>
          <option name="url" value="http://bitbucket.mattilsynet.no" />
          <option name="userName" value="ea-ruska" />
        </UrlAndUserName>
        <UrlAndUserName>
          <option name="url" value="http://gitlab.mattilsynet.no" />
          <option name="userName" value="ea-ruska" />
        </UrlAndUserName>
      </list>
    </option>
    <option name="cloneParentDir" value="C:\dev\projects" />
  </component>
  <component name="Vcs.Log.App.Settings">
    <option name="SHOW_CHANGES_FROM_PARENTS" value="true" />
    <option name="COLUMN_ORDER">
      <list>
        <option value="0" />
        <option value="1" />
        <option value="2" />
        <option value="3" />
      </list>
    </option>
  </component>
</application>